-- Sample Data for Spot Camp ID Backend Local Development

-- Users
INSERT INTO users (id, email, password_hash, first_name, last_name, role, business_name, business_code, email_verified, status) VALUES
(1, 'merchant@spotcamp.id', '$2a$12$8.UnVuG9HHgffUDAlk8qfOuVGkqRzgVymGe07xd00DMxs.7u41W3u', 'Admin', 'SpotCamp', 'MERCHANT_ADMIN', 'SpotCamp Official', 'SPOTCAMP001', TRUE, 'ACTIVE'),
(2, 'camper1@spotcamp.id', '$2a$12$8.UnVuG9HHgffUDAlk8qfOuVGkqRzgVymGe07xd00DMxs.7u41W3u', 'Hanafi', 'Firman', 'CAMPER', NULL, NULL, TRUE, 'ACTIVE'),
(3, 'camper2@spotcamp.id', '$2a$12$8.UnVuG9HHgffUDAlk8qfOuVGkqRzgVymGe07xd00DMxs.7u41W3u', 'Ayu', 'Putri', 'CAMPER', NULL, NULL, TRUE, 'ACTIVE'),
(4, 'superadmin@spotcamp.id', '$2a$12$JE9E4tFq5.3YABFlxL57sO4rK1z6wNpqoeNHApE/aiGoty6TvgHdy', 'Super', 'Admin', 'SUPERADMIN', 'SpotCamp HQ', NULL, TRUE, 'ACTIVE'),
(5, 'member@spotcamp.id', '$2a$12$8.UnVuG9HHgffUDAlk8qfOuVGkqRzgVymGe07xd00DMxs.7u41W3u', 'Jane', 'Doe', 'MERCHANT_MEMBER', 'SpotCamp Official', 'SPOTCAMP001', TRUE, 'ACTIVE');

-- Amenities
INSERT INTO amenities (id, code, name, icon, category, is_active) VALUES
(1, 'atv', 'ATV', 'atv', 'general', TRUE),
(2, 'bbq_set', 'BBQ Set', 'bbq_set', 'general', TRUE),
(3, 'bonfire', 'Bonfire', 'bonfire', 'general', TRUE),
(4, 'breakfast', 'Breakfast', 'breakfast', 'general', TRUE),
(5, 'campervan_spot', 'Campervan Spot', 'campervan_spot', 'general', TRUE),
(6, 'city_lights_view', 'City Lights View', 'city_lights_view', 'general', TRUE),
(7, 'city_view', 'City View', 'city_view', 'general', TRUE),
(8, 'clean_toilets', 'Clean Toilets', 'clean_toilets', 'general', TRUE),
(9, 'comfortable_beds', 'Comfortable Beds', 'comfortable_beds', 'general', TRUE),
(10, 'deer_feeding', 'Deer Feeding', 'deer_feeding', 'general', TRUE),
(11, 'easy_access', 'Easy Access', 'easy_access', 'general', TRUE),
(12, 'electricity', 'Electricity', 'electricity', 'general', TRUE),
(13, 'electricity_hookup', 'Electricity Hookup', 'electricity_hookup', 'general', TRUE),
(14, 'extreme_track', 'Extreme Track', 'extreme_track', 'general', TRUE),
(15, 'flying_fox', 'Flying Fox', 'flying_fox', 'general', TRUE),
(16, 'food_stalls', 'Food Stalls', 'food_stalls', 'general', TRUE),
(17, 'full_board_meals', 'Full Board Meals', 'full_board_meals', 'general', TRUE),
(18, 'golf_view', 'Golf View', 'golf_view', 'general', TRUE),
(19, 'group_tent', 'Group Tent', 'group_tent', 'general', TRUE),
(20, 'guitar_rental', 'Guitar Rental', 'guitar_rental', 'general', TRUE),
(21, 'hammock_rental', 'Hammock Rental', 'hammock_rental', 'general', TRUE),
(22, 'hammock_spot', 'Hammock Spot', 'hammock_spot', 'general', TRUE),
(23, 'hobbit_houses', 'Hobbit Houses', 'hobbit_houses', 'general', TRUE),
(24, 'hot_shower', 'Hot Shower', 'hot_shower', 'general', TRUE),
(25, 'hot_spring_pool', 'Hot Spring Pool', 'hot_spring_pool', 'general', TRUE),
(26, 'hot_water', 'Hot Water', 'hot_water', 'general', TRUE),
(27, 'karaoke', 'Karaoke', 'karaoke', 'general', TRUE),
(28, 'lake_view', 'Lake View', 'lake_view', 'general', TRUE),
(29, 'large_field', 'Large Field', 'large_field', 'general', TRUE),
(30, 'manual_brew_coffee', 'Manual Brew Coffee', 'manual_brew_coffee', 'general', TRUE),
(31, 'mosque', 'Mosque', 'mosque', 'general', TRUE),
(32, 'national_park_access', 'National Park Access', 'national_park_access', 'general', TRUE),
(33, 'outbound_area', 'Outbound Area', 'outbound_area', 'general', TRUE),
(34, 'paintball', 'Paintball', 'paintball', 'general', TRUE),
(35, 'parking', 'Parking', 'parking', 'general', TRUE),
(36, 'private_area', 'Private Area', 'private_area', 'general', TRUE),
(37, 'private_pool', 'Private Pool', 'private_pool', 'general', TRUE),
(38, 'rabbit_park', 'Rabbit Park', 'rabbit_park', 'general', TRUE),
(39, 'rafting', 'Rafting', 'rafting', 'general', TRUE),
(40, 'restaurant', 'Restaurant', 'restaurant', 'general', TRUE),
(41, 'river', 'River', 'river', 'general', TRUE),
(42, 'river_access', 'River Access', 'river_access', 'general', TRUE),
(43, 'room_service', 'Room Service', 'room_service', 'general', TRUE),
(44, 'security', 'Security', 'security', 'general', TRUE),
(45, 'souvenir_shop', 'Souvenir Shop', 'souvenir_shop', 'general', TRUE),
(46, 'strawberry_picking', 'Strawberry Picking', 'strawberry_picking', 'general', TRUE),
(47, 'sunrise_view', 'Sunrise View', 'sunrise_view', 'general', TRUE),
(48, 'sunset_view', 'Sunset View', 'sunset_view', 'general', TRUE),
(49, 'suspension_bridge', 'Suspension Bridge', 'suspension_bridge', 'general', TRUE),
(50, 'swimming_pool', 'Swimming Pool', 'swimming_pool', 'general', TRUE),
(51, 'tea_garden', 'Tea Garden', 'tea_garden', 'general', TRUE),
(52, 'tea_walk', 'Tea Walk', 'tea_walk', 'general', TRUE),
(53, 'toilet', 'Toilet', 'toilet', 'general', TRUE),
(54, 'trekking_guide', 'Trekking Guide', 'trekking_guide', 'general', TRUE),
(55, 'warung', 'Warung', 'warung', 'general', TRUE),
(56, 'water_park', 'Water Park', 'water_park', 'general', TRUE),
(57, 'waterfall', 'Waterfall', 'waterfall', 'general', TRUE),
(58, 'wifi', 'WiFi', 'wifi', 'general', TRUE),
(59, 'wooden_bridge', 'Wooden Bridge', 'wooden_bridge', 'general', TRUE);

-- Campsites
INSERT INTO campsites (id, owner_id, name, description, full_description, location, address, latitude, longitude, base_price, min_price, cover_image_url, contact_email, contact_phone, rating, review_count, status) VALUES
(1, 1, 'Pine Forest Camp Bandung', 'Experience nature in the heart of the pine forest. Perfect for families and groups. Enjoy the fresh air, trekking trails, and evening bonfires.', 'Experience nature in the heart of the pine forest. Perfect for families and groups. Enjoy the fresh air, trekking trails, and evening bonfires. Amenities include WiFi, Parking, Toilet, Bonfire, Electricity.', 'Lembang, Bandung', 'Lembang, Bandung, Indonesia', -6.123, 107.123, 350000, 350000, 'https://picsum.photos/seed/spotcamp-1/1200/800', 'info1@spotcamp.id', '+62-812-0000-0001', 4.50, 3, 'ACTIVE'),
(2, 1, 'Ranca Upas Glamping', 'Luxury camping experience with deer feeding area and hot springs nearby. Stay in comfortable igloo tents.', 'Luxury camping experience with deer feeding area and hot springs nearby. Stay in comfortable igloo tents. Amenities include Hot Water, Breakfast, Deer Feeding, Parking.', 'Ciwidey, Bandung', 'Ciwidey, Bandung, Indonesia', -6.456, 107.456, 750000, 750000, 'https://picsum.photos/seed/spotcamp-2/1200/800', 'info2@spotcamp.id', '+62-812-0000-0002', 4.80, 3, 'ACTIVE'),
(3, 1, 'Mount Halimun Adventure', 'Challenging terrain for real adventurers. Hiking trails and waterfall access included. Bring your own gear or rent from us.', 'Challenging terrain for real adventurers. Hiking trails and waterfall access included. Bring your own gear or rent from us. Amenities include Trekking Guide, River Access, Toilet.', 'Sukabumi, West Java', 'Sukabumi, West Java, Indonesia', -6.789, 106.789, 150000, 150000, 'https://picsum.photos/seed/spotcamp-3/1200/800', 'info3@spotcamp.id', '+62-812-0000-0003', 4.70, 3, 'ACTIVE'),
(4, 1, 'Lakeside Situ Gunung', 'Camping by the serene lake with a view of the suspension bridge. Peaceful and misty mornings guaranteed.', 'Camping by the serene lake with a view of the suspension bridge. Peaceful and misty mornings guaranteed. Amenities include Lake View, Suspension Bridge, Restaurant, Toilet.', 'Sukabumi, West Java', 'Sukabumi, West Java, Indonesia', -6.8, 106.9, 400000, 400000, 'https://picsum.photos/seed/spotcamp-4/1200/800', 'info4@spotcamp.id', '+62-812-0000-0004', 4.60, 3, 'ACTIVE'),
(5, 1, 'Cikole Jayagiri Resort', 'Integrated camping and resort area in Lembang. Surrounded by towering pine trees and close to Tangkuban Perahu.', 'Integrated camping and resort area in Lembang. Surrounded by towering pine trees and close to Tangkuban Perahu. Amenities include Outbound Area, Paintball, ATV, Mosque.', 'Lembang, Bandung', 'Lembang, Bandung, Indonesia', -6.78, 107.6, 300000, 300000, 'https://picsum.photos/seed/spotcamp-5/1200/800', 'info5@spotcamp.id', '+62-812-0000-0005', 4.40, 3, 'ACTIVE'),
(6, 1, 'Sunrise Point Cukul', 'Best spot for sunrise hunters. Located in the middle of a tea plantation. Cold breeze and stunning views.', 'Best spot for sunrise hunters. Located in the middle of a tea plantation. Cold breeze and stunning views. Amenities include Sunrise View, Tea Walk, Toilet.', 'Pangalengan, Bandung', 'Pangalengan, Bandung, Indonesia', -7.2, 107.55, 200000, 200000, 'https://picsum.photos/seed/spotcamp-6/1200/800', 'info6@spotcamp.id', '+62-812-0000-0006', 4.90, 3, 'ACTIVE'),
(7, 1, 'Gunung Pancar Sentul', 'Quick getaway from Jakarta. Pine forest with easy access. Popular for pre-wedding photos and family picnics.', 'Quick getaway from Jakarta. Pine forest with easy access. Popular for pre-wedding photos and family picnics. Amenities include Easy Access, Food Stalls, Hammock Rental.', 'Sentul, Bogor', 'Sentul, Bogor, Indonesia', -6.58, 106.92, 250000, 250000, 'https://picsum.photos/seed/spotcamp-7/1200/800', 'info7@spotcamp.id', '+62-812-0000-0007', 4.20, 3, 'ACTIVE'),
(8, 1, 'Mandalawangi Cibodas', 'Classic camping ground at the foot of Mount Gede. Large open fields, river streams, and cool mountain air.', 'Classic camping ground at the foot of Mount Gede. Large open fields, river streams, and cool mountain air. Amenities include Large Field, River, National Park Access.', 'Cianjur, West Java', 'Cianjur, West Java, Indonesia', -6.74, 107.0, 180000, 180000, 'https://picsum.photos/seed/spotcamp-8/1200/800', 'info8@spotcamp.id', '+62-812-0000-0008', 4.50, 3, 'ACTIVE'),
(9, 1, 'Tanakita Camping Ground', 'Five-star camping experience in Sukabumi. Glamping tents with comfortable beds and delicious buffet meals.', 'Five-star camping experience in Sukabumi. Glamping tents with comfortable beds and delicious buffet meals. Amenities include Full Board Meals, Comfortable Beds, Hot Shower, Guitar Rental.', 'Sukabumi, West Java', 'Sukabumi, West Java, Indonesia', -6.85, 106.95, 950000, 950000, 'https://picsum.photos/seed/spotcamp-9/1200/800', 'info9@spotcamp.id', '+62-812-0000-0009', 4.80, 3, 'ACTIVE'),
(10, 1, 'Grafika Cikole', 'Hobbit house style camping and wooden cabins. Very instagrammable and kid-friendly with rabbit feeding.', 'Hobbit house style camping and wooden cabins. Very instagrammable and kid-friendly with rabbit feeding. Amenities include Hobbit Houses, Rabbit Park, Restaurant, Souvenir Shop.', 'Lembang, Bandung', 'Lembang, Bandung, Indonesia', -6.79, 107.61, 500000, 500000, 'https://picsum.photos/seed/spotcamp-10/1200/800', 'info10@spotcamp.id', '+62-812-0000-0010', 4.60, 3, 'ACTIVE'),
(11, 1, 'Sari Ater Campervan Park', 'Park your campervan right next to natural hot spring pools. Unique experience in Subang.', 'Park your campervan right next to natural hot spring pools. Unique experience in Subang. Amenities include Campervan Spot, Hot Spring Pool, Electricity Hookup.', 'Subang, West Java', 'Subang, West Java, Indonesia', -6.73, 107.67, 350000, 350000, 'https://picsum.photos/seed/spotcamp-11/1200/800', 'info11@spotcamp.id', '+62-812-0000-0011', 4.50, 3, 'ACTIVE'),
(12, 1, 'Bukit Golf Cibodas', 'Camping on a vast green golf course area with Mount Gede Pangrango view. Spacious and clean.', 'Camping on a vast green golf course area with Mount Gede Pangrango view. Spacious and clean. Amenities include Golf View, Clean Toilets, Security.', 'Cipanas, Cianjur', 'Cipanas, Cianjur, Indonesia', -6.75, 107.01, 220000, 220000, 'https://picsum.photos/seed/spotcamp-12/1200/800', 'info12@spotcamp.id', '+62-812-0000-0012', 4.40, 3, 'ACTIVE'),
(13, 1, 'D''Jungle Private Camp', 'Private camping ground for exclusive groups. Located in Puncak, offering privacy and custom BBQ packages.', 'Private camping ground for exclusive groups. Located in Puncak, offering privacy and custom BBQ packages. Amenities include Private Area, BBQ Set, Karaoke.', 'Puncak, Bogor', 'Puncak, Bogor, Indonesia', -6.65, 106.98, 450000, 450000, 'https://picsum.photos/seed/spotcamp-13/1200/800', 'info13@spotcamp.id', '+62-812-0000-0013', 4.30, 3, 'ACTIVE'),
(14, 1, 'Kampung Cai Ranca Upas', 'Another spot in Ranca Upas closer to the water park. Fun for kids and families.', 'Another spot in Ranca Upas closer to the water park. Fun for kids and families. Amenities include Water Park, ATV, Strawberry Picking.', 'Ciwidey, Bandung', 'Ciwidey, Bandung, Indonesia', -7.15, 107.4, 200000, 200000, 'https://picsum.photos/seed/spotcamp-14/1200/800', 'info14@spotcamp.id', '+62-812-0000-0014', 4.40, 3, 'ACTIVE'),
(15, 1, 'Batu Kuda Manglayang', 'Quiet pine forest on the slopes of Mount Manglayang. Perfect for hammock camping and short hikes.', 'Quiet pine forest on the slopes of Mount Manglayang. Perfect for hammock camping and short hikes. Amenities include Hammock Spot, City View, Warung.', 'Manglayang, Bandung', 'Manglayang, Bandung, Indonesia', -6.88, 107.75, 100000, 100000, 'https://picsum.photos/seed/spotcamp-15/1200/800', 'info15@spotcamp.id', '+62-812-0000-0015', 4.50, 3, 'ACTIVE'),
(16, 1, 'Puncak Besar Camp', 'High altitude camping with 360-degree city lights view of Bandung at night.', 'High altitude camping with 360-degree city lights view of Bandung at night. Amenities include City Lights View, Extreme Track, Manual Brew Coffee.', 'Bandung, West Java', 'Bandung, West Java, Indonesia', -7.05, 107.65, 150000, 150000, 'https://picsum.photos/seed/spotcamp-16/1200/800', 'info16@spotcamp.id', '+62-812-0000-0016', 4.70, 3, 'ACTIVE'),
(17, 1, 'Wayang Windu Panenjoan', 'Camping amidst a vast tea garden with a stunning sunset. Wooden boardwalks make for great photos.', 'Camping amidst a vast tea garden with a stunning sunset. Wooden boardwalks make for great photos. Amenities include Tea Garden, Sunset View, Wooden Bridge.', 'Pangalengan, Bandung', 'Pangalengan, Bandung, Indonesia', -7.22, 107.58, 180000, 180000, 'https://picsum.photos/seed/spotcamp-17/1200/800', 'info17@spotcamp.id', '+62-812-0000-0017', 4.80, 3, 'ACTIVE'),
(18, 1, 'Curug Cipamingkis', 'Riverside camping near a beautiful waterfall. Fall asleep to the sound of nature.', 'Riverside camping near a beautiful waterfall. Fall asleep to the sound of nature. Amenities include Waterfall, River, Swimming Pool.', 'Bogor, West Java', 'Bogor, West Java, Indonesia', -6.62, 107.02, 250000, 250000, 'https://picsum.photos/seed/spotcamp-18/1200/800', 'info18@spotcamp.id', '+62-812-0000-0018', 4.30, 3, 'ACTIVE'),
(19, 1, 'Situ Cileunca Lakeside', 'Rafting and camping package in Pangalengan. Great for corporate gatherings and team building.', 'Rafting and camping package in Pangalengan. Great for corporate gatherings and team building. Amenities include Rafting, Flying Fox, Group Tent.', 'Pangalengan, Bandung', 'Pangalengan, Bandung, Indonesia', -7.18, 107.53, 350000, 350000, 'https://picsum.photos/seed/spotcamp-19/1200/800', 'info19@spotcamp.id', '+62-812-0000-0019', 4.60, 3, 'ACTIVE'),
(20, 1, 'Glamping Legok Kondang', 'The ultimate luxury glamping in Ciwidey. Feels like Bali in Bandung. Private heated pools available.', 'The ultimate luxury glamping in Ciwidey. Feels like Bali in Bandung. Private heated pools available. Amenities include Private Pool, Room Service, WiFi.', 'Ciwidey, Bandung', 'Ciwidey, Bandung, Indonesia', -7.1, 107.42, 1200000, 1200000, 'https://picsum.photos/seed/spotcamp-20/1200/800', 'info20@spotcamp.id', '+62-812-0000-0020', 4.90, 3, 'ACTIVE');

-- Campsite Images
INSERT INTO campsite_images (campsite_id, image_url, caption, display_order, is_primary) VALUES
(1, 'https://picsum.photos/seed/spotcamp-1/1200/800', 'Main view', 0, TRUE),
(1, 'https://picsum.photos/seed/spotcamp-1-2/1200/800', 'Area view', 1, FALSE),
(2, 'https://picsum.photos/seed/spotcamp-2/1200/800', 'Main view', 0, TRUE),
(2, 'https://picsum.photos/seed/spotcamp-2-2/1200/800', 'Area view', 1, FALSE),
(3, 'https://picsum.photos/seed/spotcamp-3/1200/800', 'Main view', 0, TRUE),
(3, 'https://picsum.photos/seed/spotcamp-3-2/1200/800', 'Area view', 1, FALSE),
(4, 'https://picsum.photos/seed/spotcamp-4/1200/800', 'Main view', 0, TRUE),
(4, 'https://picsum.photos/seed/spotcamp-4-2/1200/800', 'Area view', 1, FALSE),
(5, 'https://picsum.photos/seed/spotcamp-5/1200/800', 'Main view', 0, TRUE),
(5, 'https://picsum.photos/seed/spotcamp-5-2/1200/800', 'Area view', 1, FALSE),
(6, 'https://picsum.photos/seed/spotcamp-6/1200/800', 'Main view', 0, TRUE),
(6, 'https://picsum.photos/seed/spotcamp-6-2/1200/800', 'Area view', 1, FALSE),
(7, 'https://picsum.photos/seed/spotcamp-7/1200/800', 'Main view', 0, TRUE),
(7, 'https://picsum.photos/seed/spotcamp-7-2/1200/800', 'Area view', 1, FALSE),
(8, 'https://picsum.photos/seed/spotcamp-8/1200/800', 'Main view', 0, TRUE),
(8, 'https://picsum.photos/seed/spotcamp-8-2/1200/800', 'Area view', 1, FALSE),
(9, 'https://picsum.photos/seed/spotcamp-9/1200/800', 'Main view', 0, TRUE),
(9, 'https://picsum.photos/seed/spotcamp-9-2/1200/800', 'Area view', 1, FALSE),
(10, 'https://picsum.photos/seed/spotcamp-10/1200/800', 'Main view', 0, TRUE),
(10, 'https://picsum.photos/seed/spotcamp-10-2/1200/800', 'Area view', 1, FALSE),
(11, 'https://picsum.photos/seed/spotcamp-11/1200/800', 'Main view', 0, TRUE),
(11, 'https://picsum.photos/seed/spotcamp-11-2/1200/800', 'Area view', 1, FALSE),
(12, 'https://picsum.photos/seed/spotcamp-12/1200/800', 'Main view', 0, TRUE),
(12, 'https://picsum.photos/seed/spotcamp-12-2/1200/800', 'Area view', 1, FALSE),
(13, 'https://picsum.photos/seed/spotcamp-13/1200/800', 'Main view', 0, TRUE),
(13, 'https://picsum.photos/seed/spotcamp-13-2/1200/800', 'Area view', 1, FALSE),
(14, 'https://picsum.photos/seed/spotcamp-14/1200/800', 'Main view', 0, TRUE),
(14, 'https://picsum.photos/seed/spotcamp-14-2/1200/800', 'Area view', 1, FALSE),
(15, 'https://picsum.photos/seed/spotcamp-15/1200/800', 'Main view', 0, TRUE),
(15, 'https://picsum.photos/seed/spotcamp-15-2/1200/800', 'Area view', 1, FALSE),
(16, 'https://picsum.photos/seed/spotcamp-16/1200/800', 'Main view', 0, TRUE),
(16, 'https://picsum.photos/seed/spotcamp-16-2/1200/800', 'Area view', 1, FALSE),
(17, 'https://picsum.photos/seed/spotcamp-17/1200/800', 'Main view', 0, TRUE),
(17, 'https://picsum.photos/seed/spotcamp-17-2/1200/800', 'Area view', 1, FALSE),
(18, 'https://picsum.photos/seed/spotcamp-18/1200/800', 'Main view', 0, TRUE),
(18, 'https://picsum.photos/seed/spotcamp-18-2/1200/800', 'Area view', 1, FALSE),
(19, 'https://picsum.photos/seed/spotcamp-19/1200/800', 'Main view', 0, TRUE),
(19, 'https://picsum.photos/seed/spotcamp-19-2/1200/800', 'Area view', 1, FALSE),
(20, 'https://picsum.photos/seed/spotcamp-20/1200/800', 'Main view', 0, TRUE),
(20, 'https://picsum.photos/seed/spotcamp-20-2/1200/800', 'Area view', 1, FALSE);

-- Campsite Amenities
INSERT INTO campsite_amenities (campsite_id, amenity_id) VALUES
(1, 58),
(1, 35),
(1, 53),
(1, 3),
(1, 12),
(2, 26),
(2, 4),
(2, 10),
(2, 35),
(3, 54),
(3, 42),
(3, 53),
(4, 28),
(4, 49),
(4, 40),
(4, 53),
(5, 33),
(5, 34),
(5, 1),
(5, 31),
(6, 47),
(6, 52),
(6, 53),
(7, 11),
(7, 16),
(7, 21),
(8, 29),
(8, 41),
(8, 32),
(9, 17),
(9, 9),
(9, 24),
(9, 20),
(10, 23),
(10, 38),
(10, 40),
(10, 45),
(11, 5),
(11, 25),
(11, 13),
(12, 18),
(12, 8),
(12, 44),
(13, 36),
(13, 2),
(13, 27),
(14, 56),
(14, 1),
(14, 46),
(15, 22),
(15, 7),
(15, 55),
(16, 6),
(16, 14),
(16, 30),
(17, 51),
(17, 48),
(17, 59),
(18, 57),
(18, 41),
(18, 50),
(19, 39),
(19, 15),
(19, 19),
(20, 37),
(20, 43),
(20, 58);

-- Campsite Rules
INSERT INTO campsite_rules (campsite_id, rule_text, display_order) VALUES
(1, 'Quiet hours after 22:00.', 1),
(1, 'Keep the area clean and dispose of trash properly.', 2),
(1, 'Check-in after 14:00 and check-out before 12:00.', 3),
(2, 'Quiet hours after 22:00.', 1),
(2, 'Keep the area clean and dispose of trash properly.', 2),
(2, 'Check-in after 14:00 and check-out before 12:00.', 3),
(3, 'Quiet hours after 22:00.', 1),
(3, 'Keep the area clean and dispose of trash properly.', 2),
(3, 'Check-in after 14:00 and check-out before 12:00.', 3),
(4, 'Quiet hours after 22:00.', 1),
(4, 'Keep the area clean and dispose of trash properly.', 2),
(4, 'Check-in after 14:00 and check-out before 12:00.', 3),
(5, 'Quiet hours after 22:00.', 1),
(5, 'Keep the area clean and dispose of trash properly.', 2),
(5, 'Check-in after 14:00 and check-out before 12:00.', 3),
(6, 'Quiet hours after 22:00.', 1),
(6, 'Keep the area clean and dispose of trash properly.', 2),
(6, 'Check-in after 14:00 and check-out before 12:00.', 3),
(7, 'Quiet hours after 22:00.', 1),
(7, 'Keep the area clean and dispose of trash properly.', 2),
(7, 'Check-in after 14:00 and check-out before 12:00.', 3),
(8, 'Quiet hours after 22:00.', 1),
(8, 'Keep the area clean and dispose of trash properly.', 2),
(8, 'Check-in after 14:00 and check-out before 12:00.', 3),
(9, 'Quiet hours after 22:00.', 1),
(9, 'Keep the area clean and dispose of trash properly.', 2),
(9, 'Check-in after 14:00 and check-out before 12:00.', 3),
(10, 'Quiet hours after 22:00.', 1),
(10, 'Keep the area clean and dispose of trash properly.', 2),
(10, 'Check-in after 14:00 and check-out before 12:00.', 3),
(11, 'Quiet hours after 22:00.', 1),
(11, 'Keep the area clean and dispose of trash properly.', 2),
(11, 'Check-in after 14:00 and check-out before 12:00.', 3),
(12, 'Quiet hours after 22:00.', 1),
(12, 'Keep the area clean and dispose of trash properly.', 2),
(12, 'Check-in after 14:00 and check-out before 12:00.', 3),
(13, 'Quiet hours after 22:00.', 1),
(13, 'Keep the area clean and dispose of trash properly.', 2),
(13, 'Check-in after 14:00 and check-out before 12:00.', 3),
(14, 'Quiet hours after 22:00.', 1),
(14, 'Keep the area clean and dispose of trash properly.', 2),
(14, 'Check-in after 14:00 and check-out before 12:00.', 3),
(15, 'Quiet hours after 22:00.', 1),
(15, 'Keep the area clean and dispose of trash properly.', 2),
(15, 'Check-in after 14:00 and check-out before 12:00.', 3),
(16, 'Quiet hours after 22:00.', 1),
(16, 'Keep the area clean and dispose of trash properly.', 2),
(16, 'Check-in after 14:00 and check-out before 12:00.', 3),
(17, 'Quiet hours after 22:00.', 1),
(17, 'Keep the area clean and dispose of trash properly.', 2),
(17, 'Check-in after 14:00 and check-out before 12:00.', 3),
(18, 'Quiet hours after 22:00.', 1),
(18, 'Keep the area clean and dispose of trash properly.', 2),
(18, 'Check-in after 14:00 and check-out before 12:00.', 3),
(19, 'Quiet hours after 22:00.', 1),
(19, 'Keep the area clean and dispose of trash properly.', 2),
(19, 'Check-in after 14:00 and check-out before 12:00.', 3),
(20, 'Quiet hours after 22:00.', 1),
(20, 'Keep the area clean and dispose of trash properly.', 2),
(20, 'Check-in after 14:00 and check-out before 12:00.', 3);

-- Bookings
INSERT INTO bookings (id, user_id, campsite_id, check_in_date, check_out_date, status, total_amount, contact_name, contact_email, contact_phone) VALUES
(1, 3, 1, '2024-01-13', '2024-01-15', 'CONFIRMED', 700000, 'Guest 3', 'camper3@spotcamp.id', '+62-812-0000-0003'),
(2, 2, 1, '2024-01-14', '2024-01-16', 'CONFIRMED', 700000, 'Guest 2', 'camper2@spotcamp.id', '+62-812-0000-0002'),
(3, 3, 1, '2024-01-15', '2024-01-17', 'CONFIRMED', 700000, 'Guest 3', 'camper3@spotcamp.id', '+62-812-0000-0003'),
(4, 2, 2, '2024-01-15', '2024-01-17', 'CONFIRMED', 1500000, 'Guest 2', 'camper2@spotcamp.id', '+62-812-0000-0002'),
(5, 3, 2, '2024-01-16', '2024-01-18', 'CONFIRMED', 1500000, 'Guest 3', 'camper3@spotcamp.id', '+62-812-0000-0003'),
(6, 2, 2, '2024-01-17', '2024-01-19', 'CONFIRMED', 1500000, 'Guest 2', 'camper2@spotcamp.id', '+62-812-0000-0002'),
(7, 3, 3, '2024-01-17', '2024-01-19', 'CONFIRMED', 300000, 'Guest 3', 'camper3@spotcamp.id', '+62-812-0000-0003'),
(8, 2, 3, '2024-01-18', '2024-01-20', 'CONFIRMED', 300000, 'Guest 2', 'camper2@spotcamp.id', '+62-812-0000-0002'),
(9, 3, 3, '2024-01-19', '2024-01-21', 'CONFIRMED', 300000, 'Guest 3', 'camper3@spotcamp.id', '+62-812-0000-0003'),
(10, 2, 4, '2024-01-19', '2024-01-21', 'CONFIRMED', 800000, 'Guest 2', 'camper2@spotcamp.id', '+62-812-0000-0002'),
(11, 3, 4, '2024-01-20', '2024-01-22', 'CONFIRMED', 800000, 'Guest 3', 'camper3@spotcamp.id', '+62-812-0000-0003'),
(12, 2, 4, '2024-01-21', '2024-01-23', 'CONFIRMED', 800000, 'Guest 2', 'camper2@spotcamp.id', '+62-812-0000-0002'),
(13, 3, 5, '2024-01-21', '2024-01-23', 'CONFIRMED', 600000, 'Guest 3', 'camper3@spotcamp.id', '+62-812-0000-0003'),
(14, 2, 5, '2024-01-22', '2024-01-24', 'CONFIRMED', 600000, 'Guest 2', 'camper2@spotcamp.id', '+62-812-0000-0002'),
(15, 3, 5, '2024-01-23', '2024-01-25', 'CONFIRMED', 600000, 'Guest 3', 'camper3@spotcamp.id', '+62-812-0000-0003'),
(16, 2, 6, '2024-01-23', '2024-01-25', 'CONFIRMED', 400000, 'Guest 2', 'camper2@spotcamp.id', '+62-812-0000-0002'),
(17, 3, 6, '2024-01-24', '2024-01-26', 'CONFIRMED', 400000, 'Guest 3', 'camper3@spotcamp.id', '+62-812-0000-0003'),
(18, 2, 6, '2024-01-25', '2024-01-27', 'CONFIRMED', 400000, 'Guest 2', 'camper2@spotcamp.id', '+62-812-0000-0002'),
(19, 3, 7, '2024-01-25', '2024-01-27', 'CONFIRMED', 500000, 'Guest 3', 'camper3@spotcamp.id', '+62-812-0000-0003'),
(20, 2, 7, '2024-01-26', '2024-01-28', 'CONFIRMED', 500000, 'Guest 2', 'camper2@spotcamp.id', '+62-812-0000-0002'),
(21, 3, 7, '2024-01-27', '2024-01-29', 'CONFIRMED', 500000, 'Guest 3', 'camper3@spotcamp.id', '+62-812-0000-0003'),
(22, 2, 8, '2024-01-27', '2024-01-29', 'CONFIRMED', 360000, 'Guest 2', 'camper2@spotcamp.id', '+62-812-0000-0002'),
(23, 3, 8, '2024-01-28', '2024-01-30', 'CONFIRMED', 360000, 'Guest 3', 'camper3@spotcamp.id', '+62-812-0000-0003'),
(24, 2, 8, '2024-01-29', '2024-01-31', 'CONFIRMED', 360000, 'Guest 2', 'camper2@spotcamp.id', '+62-812-0000-0002'),
(25, 3, 9, '2024-01-29', '2024-01-31', 'CONFIRMED', 1900000, 'Guest 3', 'camper3@spotcamp.id', '+62-812-0000-0003'),
(26, 2, 9, '2024-01-30', '2024-02-01', 'CONFIRMED', 1900000, 'Guest 2', 'camper2@spotcamp.id', '+62-812-0000-0002'),
(27, 3, 9, '2024-01-31', '2024-02-02', 'CONFIRMED', 1900000, 'Guest 3', 'camper3@spotcamp.id', '+62-812-0000-0003'),
(28, 2, 10, '2024-01-31', '2024-02-02', 'CONFIRMED', 1000000, 'Guest 2', 'camper2@spotcamp.id', '+62-812-0000-0002'),
(29, 3, 10, '2024-02-01', '2024-02-03', 'CONFIRMED', 1000000, 'Guest 3', 'camper3@spotcamp.id', '+62-812-0000-0003'),
(30, 2, 10, '2024-02-02', '2024-02-04', 'CONFIRMED', 1000000, 'Guest 2', 'camper2@spotcamp.id', '+62-812-0000-0002'),
(31, 3, 11, '2024-02-02', '2024-02-04', 'CONFIRMED', 700000, 'Guest 3', 'camper3@spotcamp.id', '+62-812-0000-0003'),
(32, 2, 11, '2024-02-03', '2024-02-05', 'CONFIRMED', 700000, 'Guest 2', 'camper2@spotcamp.id', '+62-812-0000-0002'),
(33, 3, 11, '2024-02-04', '2024-02-06', 'CONFIRMED', 700000, 'Guest 3', 'camper3@spotcamp.id', '+62-812-0000-0003'),
(34, 2, 12, '2024-02-04', '2024-02-06', 'CONFIRMED', 440000, 'Guest 2', 'camper2@spotcamp.id', '+62-812-0000-0002'),
(35, 3, 12, '2024-02-05', '2024-02-07', 'CONFIRMED', 440000, 'Guest 3', 'camper3@spotcamp.id', '+62-812-0000-0003'),
(36, 2, 12, '2024-02-06', '2024-02-08', 'CONFIRMED', 440000, 'Guest 2', 'camper2@spotcamp.id', '+62-812-0000-0002'),
(37, 3, 13, '2024-02-06', '2024-02-08', 'CONFIRMED', 900000, 'Guest 3', 'camper3@spotcamp.id', '+62-812-0000-0003'),
(38, 2, 13, '2024-02-07', '2024-02-09', 'CONFIRMED', 900000, 'Guest 2', 'camper2@spotcamp.id', '+62-812-0000-0002'),
(39, 3, 13, '2024-02-08', '2024-02-10', 'CONFIRMED', 900000, 'Guest 3', 'camper3@spotcamp.id', '+62-812-0000-0003'),
(40, 2, 14, '2024-02-08', '2024-02-10', 'CONFIRMED', 400000, 'Guest 2', 'camper2@spotcamp.id', '+62-812-0000-0002'),
(41, 3, 14, '2024-02-09', '2024-02-11', 'CONFIRMED', 400000, 'Guest 3', 'camper3@spotcamp.id', '+62-812-0000-0003'),
(42, 2, 14, '2024-02-10', '2024-02-12', 'CONFIRMED', 400000, 'Guest 2', 'camper2@spotcamp.id', '+62-812-0000-0002'),
(43, 3, 15, '2024-02-10', '2024-02-12', 'CONFIRMED', 200000, 'Guest 3', 'camper3@spotcamp.id', '+62-812-0000-0003'),
(44, 2, 15, '2024-02-11', '2024-02-13', 'CONFIRMED', 200000, 'Guest 2', 'camper2@spotcamp.id', '+62-812-0000-0002'),
(45, 3, 15, '2024-02-12', '2024-02-14', 'CONFIRMED', 200000, 'Guest 3', 'camper3@spotcamp.id', '+62-812-0000-0003'),
(46, 2, 16, '2024-02-12', '2024-02-14', 'CONFIRMED', 300000, 'Guest 2', 'camper2@spotcamp.id', '+62-812-0000-0002'),
(47, 3, 16, '2024-02-13', '2024-02-15', 'CONFIRMED', 300000, 'Guest 3', 'camper3@spotcamp.id', '+62-812-0000-0003'),
(48, 2, 16, '2024-02-14', '2024-02-16', 'CONFIRMED', 300000, 'Guest 2', 'camper2@spotcamp.id', '+62-812-0000-0002'),
(49, 3, 17, '2024-02-14', '2024-02-16', 'CONFIRMED', 360000, 'Guest 3', 'camper3@spotcamp.id', '+62-812-0000-0003'),
(50, 2, 17, '2024-02-15', '2024-02-17', 'CONFIRMED', 360000, 'Guest 2', 'camper2@spotcamp.id', '+62-812-0000-0002'),
(51, 3, 17, '2024-02-16', '2024-02-18', 'CONFIRMED', 360000, 'Guest 3', 'camper3@spotcamp.id', '+62-812-0000-0003'),
(52, 2, 18, '2024-02-16', '2024-02-18', 'CONFIRMED', 500000, 'Guest 2', 'camper2@spotcamp.id', '+62-812-0000-0002'),
(53, 3, 18, '2024-02-17', '2024-02-19', 'CONFIRMED', 500000, 'Guest 3', 'camper3@spotcamp.id', '+62-812-0000-0003'),
(54, 2, 18, '2024-02-18', '2024-02-20', 'CONFIRMED', 500000, 'Guest 2', 'camper2@spotcamp.id', '+62-812-0000-0002'),
(55, 3, 19, '2024-02-18', '2024-02-20', 'CONFIRMED', 700000, 'Guest 3', 'camper3@spotcamp.id', '+62-812-0000-0003'),
(56, 2, 19, '2024-02-19', '2024-02-21', 'CONFIRMED', 700000, 'Guest 2', 'camper2@spotcamp.id', '+62-812-0000-0002'),
(57, 3, 19, '2024-02-20', '2024-02-22', 'CONFIRMED', 700000, 'Guest 3', 'camper3@spotcamp.id', '+62-812-0000-0003'),
(58, 2, 20, '2024-02-20', '2024-02-22', 'CONFIRMED', 2400000, 'Guest 2', 'camper2@spotcamp.id', '+62-812-0000-0002'),
(59, 3, 20, '2024-02-21', '2024-02-23', 'CONFIRMED', 2400000, 'Guest 3', 'camper3@spotcamp.id', '+62-812-0000-0003'),
(60, 2, 20, '2024-02-22', '2024-02-24', 'CONFIRMED', 2400000, 'Guest 2', 'camper2@spotcamp.id', '+62-812-0000-0002');

-- Reviews
INSERT INTO reviews (booking_id, campsite_id, user_id, rating, title, review_text, status) VALUES
(1, 1, 3, 5, 'Great stay at Pine Forest Camp Bandung', 'Clean campsite, friendly staff, and great amenities. Rating 5/5.', 'ACTIVE'),
(2, 1, 2, 4, 'Great stay at Pine Forest Camp Bandung', 'Clean campsite, friendly staff, and great amenities. Rating 4/5.', 'ACTIVE'),
(3, 1, 3, 4, 'Great stay at Pine Forest Camp Bandung', 'Clean campsite, friendly staff, and great amenities. Rating 4/5.', 'ACTIVE'),
(4, 2, 2, 5, 'Great stay at Ranca Upas Glamping', 'Clean campsite, friendly staff, and great amenities. Rating 5/5.', 'ACTIVE'),
(5, 2, 3, 5, 'Great stay at Ranca Upas Glamping', 'Clean campsite, friendly staff, and great amenities. Rating 5/5.', 'ACTIVE'),
(6, 2, 2, 5, 'Great stay at Ranca Upas Glamping', 'Clean campsite, friendly staff, and great amenities. Rating 5/5.', 'ACTIVE'),
(7, 3, 3, 5, 'Great stay at Mount Halimun Adventure', 'Clean campsite, friendly staff, and great amenities. Rating 5/5.', 'ACTIVE'),
(8, 3, 2, 5, 'Great stay at Mount Halimun Adventure', 'Clean campsite, friendly staff, and great amenities. Rating 5/5.', 'ACTIVE'),
(9, 3, 3, 4, 'Great stay at Mount Halimun Adventure', 'Clean campsite, friendly staff, and great amenities. Rating 4/5.', 'ACTIVE'),
(10, 4, 2, 5, 'Great stay at Lakeside Situ Gunung', 'Clean campsite, friendly staff, and great amenities. Rating 5/5.', 'ACTIVE'),
(11, 4, 3, 5, 'Great stay at Lakeside Situ Gunung', 'Clean campsite, friendly staff, and great amenities. Rating 5/5.', 'ACTIVE'),
(12, 4, 2, 4, 'Great stay at Lakeside Situ Gunung', 'Clean campsite, friendly staff, and great amenities. Rating 4/5.', 'ACTIVE'),
(13, 5, 3, 5, 'Great stay at Cikole Jayagiri Resort', 'Clean campsite, friendly staff, and great amenities. Rating 5/5.', 'ACTIVE'),
(14, 5, 2, 4, 'Great stay at Cikole Jayagiri Resort', 'Clean campsite, friendly staff, and great amenities. Rating 4/5.', 'ACTIVE'),
(15, 5, 3, 4, 'Great stay at Cikole Jayagiri Resort', 'Clean campsite, friendly staff, and great amenities. Rating 4/5.', 'ACTIVE'),
(16, 6, 2, 5, 'Great stay at Sunrise Point Cukul', 'Clean campsite, friendly staff, and great amenities. Rating 5/5.', 'ACTIVE'),
(17, 6, 3, 5, 'Great stay at Sunrise Point Cukul', 'Clean campsite, friendly staff, and great amenities. Rating 5/5.', 'ACTIVE'),
(18, 6, 2, 5, 'Great stay at Sunrise Point Cukul', 'Clean campsite, friendly staff, and great amenities. Rating 5/5.', 'ACTIVE'),
(19, 7, 3, 4, 'Great stay at Gunung Pancar Sentul', 'Clean campsite, friendly staff, and great amenities. Rating 4/5.', 'ACTIVE'),
(20, 7, 2, 4, 'Great stay at Gunung Pancar Sentul', 'Clean campsite, friendly staff, and great amenities. Rating 4/5.', 'ACTIVE'),
(21, 7, 3, 5, 'Great stay at Gunung Pancar Sentul', 'Clean campsite, friendly staff, and great amenities. Rating 5/5.', 'ACTIVE'),
(22, 8, 2, 5, 'Great stay at Mandalawangi Cibodas', 'Clean campsite, friendly staff, and great amenities. Rating 5/5.', 'ACTIVE'),
(23, 8, 3, 4, 'Great stay at Mandalawangi Cibodas', 'Clean campsite, friendly staff, and great amenities. Rating 4/5.', 'ACTIVE'),
(24, 8, 2, 4, 'Great stay at Mandalawangi Cibodas', 'Clean campsite, friendly staff, and great amenities. Rating 4/5.', 'ACTIVE'),
(25, 9, 3, 5, 'Great stay at Tanakita Camping Ground', 'Clean campsite, friendly staff, and great amenities. Rating 5/5.', 'ACTIVE'),
(26, 9, 2, 5, 'Great stay at Tanakita Camping Ground', 'Clean campsite, friendly staff, and great amenities. Rating 5/5.', 'ACTIVE'),
(27, 9, 3, 5, 'Great stay at Tanakita Camping Ground', 'Clean campsite, friendly staff, and great amenities. Rating 5/5.', 'ACTIVE'),
(28, 10, 2, 5, 'Great stay at Grafika Cikole', 'Clean campsite, friendly staff, and great amenities. Rating 5/5.', 'ACTIVE'),
(29, 10, 3, 5, 'Great stay at Grafika Cikole', 'Clean campsite, friendly staff, and great amenities. Rating 5/5.', 'ACTIVE'),
(30, 10, 2, 4, 'Great stay at Grafika Cikole', 'Clean campsite, friendly staff, and great amenities. Rating 4/5.', 'ACTIVE'),
(31, 11, 3, 5, 'Great stay at Sari Ater Campervan Park', 'Clean campsite, friendly staff, and great amenities. Rating 5/5.', 'ACTIVE'),
(32, 11, 2, 4, 'Great stay at Sari Ater Campervan Park', 'Clean campsite, friendly staff, and great amenities. Rating 4/5.', 'ACTIVE'),
(33, 11, 3, 4, 'Great stay at Sari Ater Campervan Park', 'Clean campsite, friendly staff, and great amenities. Rating 4/5.', 'ACTIVE'),
(34, 12, 2, 5, 'Great stay at Bukit Golf Cibodas', 'Clean campsite, friendly staff, and great amenities. Rating 5/5.', 'ACTIVE'),
(35, 12, 3, 4, 'Great stay at Bukit Golf Cibodas', 'Clean campsite, friendly staff, and great amenities. Rating 4/5.', 'ACTIVE'),
(36, 12, 2, 4, 'Great stay at Bukit Golf Cibodas', 'Clean campsite, friendly staff, and great amenities. Rating 4/5.', 'ACTIVE'),
(37, 13, 3, 4, 'Great stay at D''Jungle Private Camp', 'Clean campsite, friendly staff, and great amenities. Rating 4/5.', 'ACTIVE'),
(38, 13, 2, 4, 'Great stay at D''Jungle Private Camp', 'Clean campsite, friendly staff, and great amenities. Rating 4/5.', 'ACTIVE'),
(39, 13, 3, 5, 'Great stay at D''Jungle Private Camp', 'Clean campsite, friendly staff, and great amenities. Rating 5/5.', 'ACTIVE'),
(40, 14, 2, 5, 'Great stay at Kampung Cai Ranca Upas', 'Clean campsite, friendly staff, and great amenities. Rating 5/5.', 'ACTIVE'),
(41, 14, 3, 4, 'Great stay at Kampung Cai Ranca Upas', 'Clean campsite, friendly staff, and great amenities. Rating 4/5.', 'ACTIVE'),
(42, 14, 2, 4, 'Great stay at Kampung Cai Ranca Upas', 'Clean campsite, friendly staff, and great amenities. Rating 4/5.', 'ACTIVE'),
(43, 15, 3, 5, 'Great stay at Batu Kuda Manglayang', 'Clean campsite, friendly staff, and great amenities. Rating 5/5.', 'ACTIVE'),
(44, 15, 2, 4, 'Great stay at Batu Kuda Manglayang', 'Clean campsite, friendly staff, and great amenities. Rating 4/5.', 'ACTIVE'),
(45, 15, 3, 4, 'Great stay at Batu Kuda Manglayang', 'Clean campsite, friendly staff, and great amenities. Rating 4/5.', 'ACTIVE'),
(46, 16, 2, 5, 'Great stay at Puncak Besar Camp', 'Clean campsite, friendly staff, and great amenities. Rating 5/5.', 'ACTIVE'),
(47, 16, 3, 5, 'Great stay at Puncak Besar Camp', 'Clean campsite, friendly staff, and great amenities. Rating 5/5.', 'ACTIVE'),
(48, 16, 2, 4, 'Great stay at Puncak Besar Camp', 'Clean campsite, friendly staff, and great amenities. Rating 4/5.', 'ACTIVE'),
(49, 17, 3, 5, 'Great stay at Wayang Windu Panenjoan', 'Clean campsite, friendly staff, and great amenities. Rating 5/5.', 'ACTIVE'),
(50, 17, 2, 5, 'Great stay at Wayang Windu Panenjoan', 'Clean campsite, friendly staff, and great amenities. Rating 5/5.', 'ACTIVE'),
(51, 17, 3, 5, 'Great stay at Wayang Windu Panenjoan', 'Clean campsite, friendly staff, and great amenities. Rating 5/5.', 'ACTIVE'),
(52, 18, 2, 4, 'Great stay at Curug Cipamingkis', 'Clean campsite, friendly staff, and great amenities. Rating 4/5.', 'ACTIVE'),
(53, 18, 3, 4, 'Great stay at Curug Cipamingkis', 'Clean campsite, friendly staff, and great amenities. Rating 4/5.', 'ACTIVE'),
(54, 18, 2, 5, 'Great stay at Curug Cipamingkis', 'Clean campsite, friendly staff, and great amenities. Rating 5/5.', 'ACTIVE'),
(55, 19, 3, 5, 'Great stay at Situ Cileunca Lakeside', 'Clean campsite, friendly staff, and great amenities. Rating 5/5.', 'ACTIVE'),
(56, 19, 2, 5, 'Great stay at Situ Cileunca Lakeside', 'Clean campsite, friendly staff, and great amenities. Rating 5/5.', 'ACTIVE'),
(57, 19, 3, 4, 'Great stay at Situ Cileunca Lakeside', 'Clean campsite, friendly staff, and great amenities. Rating 4/5.', 'ACTIVE'),
(58, 20, 2, 5, 'Great stay at Glamping Legok Kondang', 'Clean campsite, friendly staff, and great amenities. Rating 5/5.', 'ACTIVE'),
(59, 20, 3, 5, 'Great stay at Glamping Legok Kondang', 'Clean campsite, friendly staff, and great amenities. Rating 5/5.', 'ACTIVE'),
(60, 20, 2, 5, 'Great stay at Glamping Legok Kondang', 'Clean campsite, friendly staff, and great amenities. Rating 5/5.', 'ACTIVE');

-- Map Configurations
INSERT INTO map_configurations (campsite_id, map_code, map_name, background_image_url, image_width, image_height, config_data, status, version_number) VALUES
(1, 'MAP-00000001', 'Main Map', 'https://picsum.photos/seed/spotcamp-1/800/600', 800, 600, '{"spots":[{"id":"spot_1","name":"Riverside A1","coordinates":[{"x":80,"y":110},{"x":200,"y":110},{"x":200,"y":200},{"x":80,"y":200}]},{"id":"spot_2","name":"Riverside A2","coordinates":[{"x":230,"y":110},{"x":350,"y":110},{"x":350,"y":200},{"x":230,"y":200}]},{"id":"spot_3","name":"Forest B1","coordinates":[{"x":100,"y":260},{"x":220,"y":260},{"x":220,"y":360},{"x":100,"y":360}]},{"id":"spot_4","name":"Hilltop C1","coordinates":[{"x":320,"y":300},{"x":420,"y":260},{"x":460,"y":340}]}]}', 'ACTIVE', 1),
(2, 'MAP-00000002', 'Main Map', 'https://picsum.photos/seed/spotcamp-2/800/600', 800, 600, '{"spots":[{"id":"spot_1","name":"Riverside A1","coordinates":[{"x":80,"y":110},{"x":200,"y":110},{"x":200,"y":200},{"x":80,"y":200}]},{"id":"spot_2","name":"Riverside A2","coordinates":[{"x":230,"y":110},{"x":350,"y":110},{"x":350,"y":200},{"x":230,"y":200}]},{"id":"spot_3","name":"Forest B1","coordinates":[{"x":100,"y":260},{"x":220,"y":260},{"x":220,"y":360},{"x":100,"y":360}]},{"id":"spot_4","name":"Hilltop C1","coordinates":[{"x":320,"y":300},{"x":420,"y":260},{"x":460,"y":340}]}]}', 'ACTIVE', 1),
(3, 'MAP-00000003', 'Main Map', 'https://picsum.photos/seed/spotcamp-3/800/600', 800, 600, '{"spots":[{"id":"spot_1","name":"Riverside A1","coordinates":[{"x":80,"y":110},{"x":200,"y":110},{"x":200,"y":200},{"x":80,"y":200}]},{"id":"spot_2","name":"Riverside A2","coordinates":[{"x":230,"y":110},{"x":350,"y":110},{"x":350,"y":200},{"x":230,"y":200}]},{"id":"spot_3","name":"Forest B1","coordinates":[{"x":100,"y":260},{"x":220,"y":260},{"x":220,"y":360},{"x":100,"y":360}]},{"id":"spot_4","name":"Hilltop C1","coordinates":[{"x":320,"y":300},{"x":420,"y":260},{"x":460,"y":340}]}]}', 'ACTIVE', 1),
(4, 'MAP-00000004', 'Main Map', 'https://picsum.photos/seed/spotcamp-4/800/600', 800, 600, '{"spots":[{"id":"spot_1","name":"Riverside A1","coordinates":[{"x":80,"y":110},{"x":200,"y":110},{"x":200,"y":200},{"x":80,"y":200}]},{"id":"spot_2","name":"Riverside A2","coordinates":[{"x":230,"y":110},{"x":350,"y":110},{"x":350,"y":200},{"x":230,"y":200}]},{"id":"spot_3","name":"Forest B1","coordinates":[{"x":100,"y":260},{"x":220,"y":260},{"x":220,"y":360},{"x":100,"y":360}]},{"id":"spot_4","name":"Hilltop C1","coordinates":[{"x":320,"y":300},{"x":420,"y":260},{"x":460,"y":340}]}]}', 'ACTIVE', 1),
(5, 'MAP-00000005', 'Main Map', 'https://picsum.photos/seed/spotcamp-5/800/600', 800, 600, '{"spots":[{"id":"spot_1","name":"Riverside A1","coordinates":[{"x":80,"y":110},{"x":200,"y":110},{"x":200,"y":200},{"x":80,"y":200}]},{"id":"spot_2","name":"Riverside A2","coordinates":[{"x":230,"y":110},{"x":350,"y":110},{"x":350,"y":200},{"x":230,"y":200}]},{"id":"spot_3","name":"Forest B1","coordinates":[{"x":100,"y":260},{"x":220,"y":260},{"x":220,"y":360},{"x":100,"y":360}]},{"id":"spot_4","name":"Hilltop C1","coordinates":[{"x":320,"y":300},{"x":420,"y":260},{"x":460,"y":340}]}]}', 'ACTIVE', 1),
(6, 'MAP-00000006', 'Main Map', 'https://picsum.photos/seed/spotcamp-6/800/600', 800, 600, '{"spots":[{"id":"spot_1","name":"Riverside A1","coordinates":[{"x":80,"y":110},{"x":200,"y":110},{"x":200,"y":200},{"x":80,"y":200}]},{"id":"spot_2","name":"Riverside A2","coordinates":[{"x":230,"y":110},{"x":350,"y":110},{"x":350,"y":200},{"x":230,"y":200}]},{"id":"spot_3","name":"Forest B1","coordinates":[{"x":100,"y":260},{"x":220,"y":260},{"x":220,"y":360},{"x":100,"y":360}]},{"id":"spot_4","name":"Hilltop C1","coordinates":[{"x":320,"y":300},{"x":420,"y":260},{"x":460,"y":340}]}]}', 'ACTIVE', 1),
(7, 'MAP-00000007', 'Main Map', 'https://picsum.photos/seed/spotcamp-7/800/600', 800, 600, '{"spots":[{"id":"spot_1","name":"Riverside A1","coordinates":[{"x":80,"y":110},{"x":200,"y":110},{"x":200,"y":200},{"x":80,"y":200}]},{"id":"spot_2","name":"Riverside A2","coordinates":[{"x":230,"y":110},{"x":350,"y":110},{"x":350,"y":200},{"x":230,"y":200}]},{"id":"spot_3","name":"Forest B1","coordinates":[{"x":100,"y":260},{"x":220,"y":260},{"x":220,"y":360},{"x":100,"y":360}]},{"id":"spot_4","name":"Hilltop C1","coordinates":[{"x":320,"y":300},{"x":420,"y":260},{"x":460,"y":340}]}]}', 'ACTIVE', 1),
(8, 'MAP-00000008', 'Main Map', 'https://picsum.photos/seed/spotcamp-8/800/600', 800, 600, '{"spots":[{"id":"spot_1","name":"Riverside A1","coordinates":[{"x":80,"y":110},{"x":200,"y":110},{"x":200,"y":200},{"x":80,"y":200}]},{"id":"spot_2","name":"Riverside A2","coordinates":[{"x":230,"y":110},{"x":350,"y":110},{"x":350,"y":200},{"x":230,"y":200}]},{"id":"spot_3","name":"Forest B1","coordinates":[{"x":100,"y":260},{"x":220,"y":260},{"x":220,"y":360},{"x":100,"y":360}]},{"id":"spot_4","name":"Hilltop C1","coordinates":[{"x":320,"y":300},{"x":420,"y":260},{"x":460,"y":340}]}]}', 'ACTIVE', 1),
(9, 'MAP-00000009', 'Main Map', 'https://picsum.photos/seed/spotcamp-9/800/600', 800, 600, '{"spots":[{"id":"spot_1","name":"Riverside A1","coordinates":[{"x":80,"y":110},{"x":200,"y":110},{"x":200,"y":200},{"x":80,"y":200}]},{"id":"spot_2","name":"Riverside A2","coordinates":[{"x":230,"y":110},{"x":350,"y":110},{"x":350,"y":200},{"x":230,"y":200}]},{"id":"spot_3","name":"Forest B1","coordinates":[{"x":100,"y":260},{"x":220,"y":260},{"x":220,"y":360},{"x":100,"y":360}]},{"id":"spot_4","name":"Hilltop C1","coordinates":[{"x":320,"y":300},{"x":420,"y":260},{"x":460,"y":340}]}]}', 'ACTIVE', 1),
(10, 'MAP-00000010', 'Main Map', 'https://picsum.photos/seed/spotcamp-10/800/600', 800, 600, '{"spots":[{"id":"spot_1","name":"Riverside A1","coordinates":[{"x":80,"y":110},{"x":200,"y":110},{"x":200,"y":200},{"x":80,"y":200}]},{"id":"spot_2","name":"Riverside A2","coordinates":[{"x":230,"y":110},{"x":350,"y":110},{"x":350,"y":200},{"x":230,"y":200}]},{"id":"spot_3","name":"Forest B1","coordinates":[{"x":100,"y":260},{"x":220,"y":260},{"x":220,"y":360},{"x":100,"y":360}]},{"id":"spot_4","name":"Hilltop C1","coordinates":[{"x":320,"y":300},{"x":420,"y":260},{"x":460,"y":340}]}]}', 'ACTIVE', 1),
(11, 'MAP-00000011', 'Main Map', 'https://picsum.photos/seed/spotcamp-11/800/600', 800, 600, '{"spots":[{"id":"spot_1","name":"Riverside A1","coordinates":[{"x":80,"y":110},{"x":200,"y":110},{"x":200,"y":200},{"x":80,"y":200}]},{"id":"spot_2","name":"Riverside A2","coordinates":[{"x":230,"y":110},{"x":350,"y":110},{"x":350,"y":200},{"x":230,"y":200}]},{"id":"spot_3","name":"Forest B1","coordinates":[{"x":100,"y":260},{"x":220,"y":260},{"x":220,"y":360},{"x":100,"y":360}]},{"id":"spot_4","name":"Hilltop C1","coordinates":[{"x":320,"y":300},{"x":420,"y":260},{"x":460,"y":340}]}]}', 'ACTIVE', 1),
(12, 'MAP-00000012', 'Main Map', 'https://picsum.photos/seed/spotcamp-12/800/600', 800, 600, '{"spots":[{"id":"spot_1","name":"Riverside A1","coordinates":[{"x":80,"y":110},{"x":200,"y":110},{"x":200,"y":200},{"x":80,"y":200}]},{"id":"spot_2","name":"Riverside A2","coordinates":[{"x":230,"y":110},{"x":350,"y":110},{"x":350,"y":200},{"x":230,"y":200}]},{"id":"spot_3","name":"Forest B1","coordinates":[{"x":100,"y":260},{"x":220,"y":260},{"x":220,"y":360},{"x":100,"y":360}]},{"id":"spot_4","name":"Hilltop C1","coordinates":[{"x":320,"y":300},{"x":420,"y":260},{"x":460,"y":340}]}]}', 'ACTIVE', 1),
(13, 'MAP-00000013', 'Main Map', 'https://picsum.photos/seed/spotcamp-13/800/600', 800, 600, '{"spots":[{"id":"spot_1","name":"Riverside A1","coordinates":[{"x":80,"y":110},{"x":200,"y":110},{"x":200,"y":200},{"x":80,"y":200}]},{"id":"spot_2","name":"Riverside A2","coordinates":[{"x":230,"y":110},{"x":350,"y":110},{"x":350,"y":200},{"x":230,"y":200}]},{"id":"spot_3","name":"Forest B1","coordinates":[{"x":100,"y":260},{"x":220,"y":260},{"x":220,"y":360},{"x":100,"y":360}]},{"id":"spot_4","name":"Hilltop C1","coordinates":[{"x":320,"y":300},{"x":420,"y":260},{"x":460,"y":340}]}]}', 'ACTIVE', 1),
(14, 'MAP-00000014', 'Main Map', 'https://picsum.photos/seed/spotcamp-14/800/600', 800, 600, '{"spots":[{"id":"spot_1","name":"Riverside A1","coordinates":[{"x":80,"y":110},{"x":200,"y":110},{"x":200,"y":200},{"x":80,"y":200}]},{"id":"spot_2","name":"Riverside A2","coordinates":[{"x":230,"y":110},{"x":350,"y":110},{"x":350,"y":200},{"x":230,"y":200}]},{"id":"spot_3","name":"Forest B1","coordinates":[{"x":100,"y":260},{"x":220,"y":260},{"x":220,"y":360},{"x":100,"y":360}]},{"id":"spot_4","name":"Hilltop C1","coordinates":[{"x":320,"y":300},{"x":420,"y":260},{"x":460,"y":340}]}]}', 'ACTIVE', 1),
(15, 'MAP-00000015', 'Main Map', 'https://picsum.photos/seed/spotcamp-15/800/600', 800, 600, '{"spots":[{"id":"spot_1","name":"Riverside A1","coordinates":[{"x":80,"y":110},{"x":200,"y":110},{"x":200,"y":200},{"x":80,"y":200}]},{"id":"spot_2","name":"Riverside A2","coordinates":[{"x":230,"y":110},{"x":350,"y":110},{"x":350,"y":200},{"x":230,"y":200}]},{"id":"spot_3","name":"Forest B1","coordinates":[{"x":100,"y":260},{"x":220,"y":260},{"x":220,"y":360},{"x":100,"y":360}]},{"id":"spot_4","name":"Hilltop C1","coordinates":[{"x":320,"y":300},{"x":420,"y":260},{"x":460,"y":340}]}]}', 'ACTIVE', 1),
(16, 'MAP-00000016', 'Main Map', 'https://picsum.photos/seed/spotcamp-16/800/600', 800, 600, '{"spots":[{"id":"spot_1","name":"Riverside A1","coordinates":[{"x":80,"y":110},{"x":200,"y":110},{"x":200,"y":200},{"x":80,"y":200}]},{"id":"spot_2","name":"Riverside A2","coordinates":[{"x":230,"y":110},{"x":350,"y":110},{"x":350,"y":200},{"x":230,"y":200}]},{"id":"spot_3","name":"Forest B1","coordinates":[{"x":100,"y":260},{"x":220,"y":260},{"x":220,"y":360},{"x":100,"y":360}]},{"id":"spot_4","name":"Hilltop C1","coordinates":[{"x":320,"y":300},{"x":420,"y":260},{"x":460,"y":340}]}]}', 'ACTIVE', 1),
(17, 'MAP-00000017', 'Main Map', 'https://picsum.photos/seed/spotcamp-17/800/600', 800, 600, '{"spots":[{"id":"spot_1","name":"Riverside A1","coordinates":[{"x":80,"y":110},{"x":200,"y":110},{"x":200,"y":200},{"x":80,"y":200}]},{"id":"spot_2","name":"Riverside A2","coordinates":[{"x":230,"y":110},{"x":350,"y":110},{"x":350,"y":200},{"x":230,"y":200}]},{"id":"spot_3","name":"Forest B1","coordinates":[{"x":100,"y":260},{"x":220,"y":260},{"x":220,"y":360},{"x":100,"y":360}]},{"id":"spot_4","name":"Hilltop C1","coordinates":[{"x":320,"y":300},{"x":420,"y":260},{"x":460,"y":340}]}]}', 'ACTIVE', 1),
(18, 'MAP-00000018', 'Main Map', 'https://picsum.photos/seed/spotcamp-18/800/600', 800, 600, '{"spots":[{"id":"spot_1","name":"Riverside A1","coordinates":[{"x":80,"y":110},{"x":200,"y":110},{"x":200,"y":200},{"x":80,"y":200}]},{"id":"spot_2","name":"Riverside A2","coordinates":[{"x":230,"y":110},{"x":350,"y":110},{"x":350,"y":200},{"x":230,"y":200}]},{"id":"spot_3","name":"Forest B1","coordinates":[{"x":100,"y":260},{"x":220,"y":260},{"x":220,"y":360},{"x":100,"y":360}]},{"id":"spot_4","name":"Hilltop C1","coordinates":[{"x":320,"y":300},{"x":420,"y":260},{"x":460,"y":340}]}]}', 'ACTIVE', 1),
(19, 'MAP-00000019', 'Main Map', 'https://picsum.photos/seed/spotcamp-19/800/600', 800, 600, '{"spots":[{"id":"spot_1","name":"Riverside A1","coordinates":[{"x":80,"y":110},{"x":200,"y":110},{"x":200,"y":200},{"x":80,"y":200}]},{"id":"spot_2","name":"Riverside A2","coordinates":[{"x":230,"y":110},{"x":350,"y":110},{"x":350,"y":200},{"x":230,"y":200}]},{"id":"spot_3","name":"Forest B1","coordinates":[{"x":100,"y":260},{"x":220,"y":260},{"x":220,"y":360},{"x":100,"y":360}]},{"id":"spot_4","name":"Hilltop C1","coordinates":[{"x":320,"y":300},{"x":420,"y":260},{"x":460,"y":340}]}]}', 'ACTIVE', 1),
(20, 'MAP-00000020', 'Main Map', 'https://picsum.photos/seed/spotcamp-20/800/600', 800, 600, '{"spots":[{"id":"spot_1","name":"Riverside A1","coordinates":[{"x":80,"y":110},{"x":200,"y":110},{"x":200,"y":200},{"x":80,"y":200}]},{"id":"spot_2","name":"Riverside A2","coordinates":[{"x":230,"y":110},{"x":350,"y":110},{"x":350,"y":200},{"x":230,"y":200}]},{"id":"spot_3","name":"Forest B1","coordinates":[{"x":100,"y":260},{"x":220,"y":260},{"x":220,"y":360},{"x":100,"y":360}]},{"id":"spot_4","name":"Hilltop C1","coordinates":[{"x":320,"y":300},{"x":420,"y":260},{"x":460,"y":340}]}]}', 'ACTIVE', 1);

-- Reset H2 identity columns after explicit IDs
ALTER TABLE users ALTER COLUMN id RESTART WITH 6;
ALTER TABLE amenities ALTER COLUMN id RESTART WITH 60;
ALTER TABLE campsites ALTER COLUMN id RESTART WITH 21;
ALTER TABLE bookings ALTER COLUMN id RESTART WITH 61;
